"yaw","pitch","usable","name","class","m0","m1","angleDeg","distM","candidates"
"-180","-70","0","","","","","","","0"
"-170","-70","0","","","","","","","0"
"-160","-70","0","","","","","","","0"
"-150","-70","0","","","","","","","0"
"-140","-70","0","","","","","","","0"
"-130","-70","0","","","","","","","0"
"-120","-70","0","","","","","","","0"
"-110","-70","0","","","","","","","0"
"-100","-70","0","","","","","","","0"
"-90","-70","0","","","","","","","0"
"-80","-70","64595","ArkPickups.Crafting.RecyclerJunk.Exotic.AlienOrganSmall","ArkRecyclerJunkExotic","4:-","12:-","16.2","1.68","1"
"-70","-70","64595","ArkPickups.Crafting.RecyclerJunk.Exotic.AlienOrganSmall","ArkRecyclerJunkExotic","4:-","12:-","14.5","1.68","1"
"-60","-70","64595","ArkPickups.Crafting.RecyclerJunk.Exotic.AlienOrganSmall","ArkRecyclerJunkExotic","4:-","12:-","14.0","1.68","1"
"-50","-70","64595","ArkPickups.Crafting.RecyclerJunk.Exotic.AlienOrganSmall","ArkRecyclerJunkExotic","4:-","12:-","14.9","1.68","1"
"-40","-70","64595","ArkPickups.Crafting.RecyclerJunk.Exotic.AlienOrganSmall","ArkRecyclerJunkExotic","4:-","12:-","16.9","1.68","1"
"-30","-70","0","","","","","","","0"
"-20","-70","0","","","","","","","0"
"-10","-70","0","","","","","","","0"
"0","-70","0","","","","","","","0"
"10","-70","0","","","","","","","0"
"20","-70","0","","","","","","","0"
"30","-70","0","","","","","","","0"
"40","-70","0","","","","","","","0"
"50","-70","0","","","","","","","0"
"60","-70","0","","","","","","","0"
"70","-70","0","","","","","","","0"
"80","-70","0","","","","","","","0"
"90","-70","0","","","","","","","0"
"100","-70","0","","","","","","","0"
"110","-70","0","","","","","","","0"
"120","-70","0","","","","","","","0"
"130","-70","0","","","","","","","0"
"140","-70","0","","","","","","","0"
"150","-70","0","","","","","","","0"
"160","-70","0","","","","","","","0"
"170","-70","0","","","","","","","0"
"-180","-55","0","","","","","","","0"
"-170","-55","0","","","","","","","0"
"-160","-55","0","","","","","","","0"
"-150","-55","0","","","","","","","0"
"-140","-55","0","","","","","","","0"
"-130","-55","0","","","","","","","0"
"-120","-55","0","","","","","","","0"
"-110","-55","0","","","","","","","0"
"-100","-55","0","","","","","","","0"
"-90","-55","64595","ArkPickups.Crafting.RecyclerJunk.Exotic.AlienOrganSmall","ArkRecyclerJunkExotic","4:-","12:-","16.0","1.68","2"
"-80","-55","64595","ArkPickups.Crafting.RecyclerJunk.Exotic.AlienOrganSmall","ArkRecyclerJunkExotic","4:-","12:-","10.5","1.68","3"
"-70","-55","64595","ArkPickups.Crafting.RecyclerJunk.Exotic.AlienOrganSmall","ArkRecyclerJunkExotic","4:-","12:-","4.9","1.68","4"
"-60","-55","64595","ArkPickups.Crafting.RecyclerJunk.Exotic.AlienOrganSmall","ArkRecyclerJunkExotic","4:-","12:-","1.3","1.68","4"
"-50","-55","64587","ArkPickups.Crafting.RecyclerJunk.TestTubeSample","ArkRecyclerJunk","4:-","12:-","5.2","1.85","3"
"-40","-55","64587","ArkPickups.Crafting.RecyclerJunk.TestTubeSample","ArkRecyclerJunk","4:-","12:-","10.5","1.85","3"
"-30","-55","64587","ArkPickups.Crafting.RecyclerJunk.TestTubeSample","ArkRecyclerJunk","4:-","12:-","16.2","1.85","1"
"-20","-55","0","","","","","","","0"
"-10","-55","0","","","","","","","0"
"0","-55","0","","","","","","","0"
"10","-55","0","","","","","","","0"
"20","-55","0","","","","","","","0"
"30","-55","64594","ArkPickups.Crafting.RecyclerJunk.Exotic.MimicTumor","ArkRecyclerJunkExotic","4:-","12:-","14.1","2.07","1"
"40","-55","64594","ArkPickups.Crafting.RecyclerJunk.Exotic.MimicTumor","ArkRecyclerJunkExotic","4:-","12:-","12.1","2.07","1"
"50","-55","64594","ArkPickups.Crafting.RecyclerJunk.Exotic.MimicTumor","ArkRecyclerJunkExotic","4:-","12:-","13.4","2.07","1"
"60","-55","5510","ArkGameplayArchitecture.Containers/Misc.Trash_Can_Small","ArkContainer","3:-","6:-","15.8","1.70","1"
"70","-55","5510","ArkGameplayArchitecture.Containers/Misc.Trash_Can_Small","ArkContainer","3:-","6:-","10.3","1.70","1"
"80","-55","5510","ArkGameplayArchitecture.Containers/Misc.Trash_Can_Small","ArkContainer","3:-","6:-","5.9","1.70","1"
"90","-55","5510","ArkGameplayArchitecture.Containers/Misc.Trash_Can_Small","ArkContainer","3:-","6:-","6.2","1.70","1"
"100","-55","5510","ArkGameplayArchitecture.Containers/Misc.Trash_Can_Small","ArkContainer","3:-","6:-","10.8","1.70","1"
"110","-55","5510","ArkGameplayArchitecture.Containers/Misc.Trash_Can_Small","ArkContainer","3:-","6:-","16.3","1.70","1"
"120","-55","0","","","","","","","0"
"130","-55","0","","","","","","","0"
"140","-55","0","","","","","","","0"
"150","-55","0","","","","","","","0"
"160","-55","0","","","","","","","0"
"170","-55","0","","","","","","","0"
"-180","-40","65047","ArkHumans.Scientists.JovanGavrilovic","ArkHuman","3:-","6:-","10.3","2.32","1"
"-170","-40","0","","","","","","","0"
"-160","-40","0","","","","","","","0"
"-150","-40","0","","","","","","","0"
"-140","-40","0","","","","","","","0"
"-130","-40","0","","","","","","","0"
"-120","-40","0","","","","","","","0"
"-110","-40","0","","","","","","","0"
"-100","-40","0","","","","","","","0"
"-90","-40","3413","ArkPhysicsProps.Misc.Clothes_Shoes_A_Male1_R","RigidBodyEx","6:-","","14.2","2.09","1"
"-80","-40","3413","ArkPhysicsProps.Misc.Clothes_Shoes_A_Male1_R","RigidBodyEx","6:-","","7.3","2.09","1"
"-70","-40","64587","ArkPickups.Crafting.RecyclerJunk.TestTubeSample","ArkRecyclerJunk","4:-","12:-","14.8","1.85","4"
"-60","-40","64587","ArkPickups.Crafting.RecyclerJunk.TestTubeSample","ArkRecyclerJunk","4:-","12:-","11.9","1.85","4"
"-50","-40","64587","ArkPickups.Crafting.RecyclerJunk.TestTubeSample","ArkRecyclerJunk","4:-","12:-","12.6","1.85","3"
"-40","-40","64587","ArkPickups.Crafting.RecyclerJunk.TestTubeSample","ArkRecyclerJunk","4:-","12:-","16.5","1.85","2"
"-30","-40","3415","ArkPhysicsProps.Chairs.Bench_Leather","RigidBodyEx","6:-/hold0.75","","14.8","2.06","2"
"-20","-40","3415","ArkPhysicsProps.Chairs.Bench_Leather","RigidBodyEx","6:-/hold0.75","","7.7","2.06","1"
"-10","-40","3415","ArkPhysicsProps.Chairs.Bench_Leather","RigidBodyEx","6:-/hold0.75","","4.7","2.06","1"
"0","-40","3415","ArkPhysicsProps.Chairs.Bench_Leather","RigidBodyEx","6:-/hold0.75","","10.5","2.06","1"
"10","-40","64596","ArkPickups.Crafting.RecyclerJunk.PlasticTubing","ArkRecyclerJunk","4:-","12:-","15.1","1.66","1"
"20","-40","64594","ArkPickups.Crafting.RecyclerJunk.Exotic.MimicTumor","ArkRecyclerJunkExotic","4:-","12:-","16.1","2.07","2"
"30","-40","64594","ArkPickups.Crafting.RecyclerJunk.Exotic.MimicTumor","ArkRecyclerJunkExotic","4:-","12:-","8.8","2.07","2"
"40","-40","64594","ArkPickups.Crafting.RecyclerJunk.Exotic.MimicTumor","ArkRecyclerJunkExotic","4:-","12:-","3.0","2.07","2"
"50","-40","64594","ArkPickups.Crafting.RecyclerJunk.Exotic.MimicTumor","ArkRecyclerJunkExotic","4:-","12:-","7.2","2.07","1"
"60","-40","64594","ArkPickups.Crafting.RecyclerJunk.Exotic.MimicTumor","ArkRecyclerJunkExotic","4:-","12:-","14.4","2.07","2"
"70","-40","3408","ArkGameplayArchitecture.Containers/Misc.Lobby","ArkContainer","3:-","","27.8","1.91","2"
"80","-40","3412","ArkGameplayArchitecture.Containers/Misc.Lobby","ArkContainer","3:-","","28.5","1.76","2"
"90","-40","3412","ArkGameplayArchitecture.Containers/Misc.Lobby","ArkContainer","3:-","","26.5","1.72","2"
"100","-40","3412","ArkGameplayArchitecture.Containers/Misc.Lobby","ArkContainer","3:-","","27.5","1.72","2"
"110","-40","0","","","","","","","0"
"120","-40","0","","","","","","","0"
"130","-40","0","","","","","","","0"
"140","-40","65047","ArkHumans.Scientists.JovanGavrilovic","ArkHuman","3:-","6:-","23.1","2.32","1"
"150","-40","65047","ArkHumans.Scientists.JovanGavrilovic","ArkHuman","3:-","6:-","15.6","2.32","1"
"160","-40","65047","ArkHumans.Scientists.JovanGavrilovic","ArkHuman","3:-","6:-","8.5","2.32","1"
"170","-40","65047","ArkHumans.Scientists.JovanGavrilovic","ArkHuman","3:-","6:-","5.1","2.32","1"
"-180","-25","65047","ArkHumans.Scientists.JovanGavrilovic","ArkHuman","3:-","6:-","14.0","2.32","1"
"-170","-25","0","","","","","","","0"
"-160","-25","0","","","","","","","0"
"-150","-25","0","","","","","","","0"
"-140","-25","0","","","","","","","0"
"-130","-25","0","","","","","","","0"
"-120","-25","0","","","","","","","0"
"-110","-25","0","","","","","","","0"
"-100","-25","3410","ArkPhysicsProps.Bathroom.Towels","RigidBodyEx","6:-","","15.6","2.39","1"
"-90","-25","3409","ArkPhysicsProps.Bathroom.Towels","RigidBodyEx","6:-","","15.1","2.29","1"
"-80","-25","3409","ArkPhysicsProps.Bathroom.Towels","RigidBodyEx","6:-","","16.8","2.28","1"
"-70","-25","0","","","","","","","0"
"-60","-25","0","","","","","","","0"
"-50","-25","64589","ArkPickups.Food.Bag.SunDriedTomatoJerky","ArkFood","4:-","12:-","10.1","2.34","1"
"-40","-25","64589","ArkPickups.Food.Bag.SunDriedTomatoJerky","ArkFood","4:-","12:-","6.3","2.34","3"
"-30","-25","64589","ArkPickups.Food.Bag.SunDriedTomatoJerky","ArkFood","4:-","12:-","12.3","2.34","2"
"-20","-25","3415","ArkPhysicsProps.Chairs.Bench_Leather","RigidBodyEx","6:-/hold0.75","","12.6","2.06","3"
"-10","-25","3011","ArkPhysicsProps.Office.Desk_Fan","RigidBodyEx","6:-","","5.6","1.65","3"
"0","-25","64596","ArkPickups.Crafting.RecyclerJunk.PlasticTubing","ArkRecyclerJunk","4:-","12:-","10.7","1.66","3"
"10","-25","64596","ArkPickups.Crafting.RecyclerJunk.PlasticTubing","ArkRecyclerJunk","4:-","12:-","1.6","1.66","3"
"20","-25","64596","ArkPickups.Crafting.RecyclerJunk.PlasticTubing","ArkRecyclerJunk","4:-","12:-","7.4","1.66","2"
"30","-25","64596","ArkPickups.Crafting.RecyclerJunk.PlasticTubing","ArkRecyclerJunk","4:-","12:-","16.5","1.66","2"
"40","-25","3407","ArkPhysicsProps.Bathroom.Towels","RigidBodyEx","6:-","","11.0","1.87","1"
"50","-25","0","","","","","","","0"
"60","-25","3408","ArkGameplayArchitecture.Containers/Misc.Lobby","ArkContainer","3:-","","15.5","1.90","1"
"70","-25","3408","ArkGameplayArchitecture.Containers/Misc.Lobby","ArkContainer","3:-","","12.6","1.88","1"
"80","-25","3412","ArkGameplayArchitecture.Containers/Misc.Lobby","ArkContainer","3:-","","15.9","1.76","2"
"90","-25","3412","ArkGameplayArchitecture.Containers/Misc.Lobby","ArkContainer","3:-","","11.5","1.72","1"
"100","-25","3412","ArkGameplayArchitecture.Containers/Misc.Lobby","ArkContainer","3:-","","14.0","1.72","1"
"110","-25","0","","","","","","","0"
"120","-25","0","","","","","","","0"
"130","-25","0","","","","","","","0"
"140","-25","0","","","","","","","0"
"150","-25","0","","","","","","","0"
"160","-25","65047","ArkHumans.Scientists.JovanGavrilovic","ArkHuman","3:-","6:-","12.5","2.32","1"
"170","-25","65047","ArkHumans.Scientists.JovanGavrilovic","ArkHuman","3:-","6:-","10.1","2.32","1"
"-180","-10","0","","","","","","","0"
"-170","-10","0","","","","","","","0"
"-160","-10","0","","","","","","","0"
"-150","-10","0","","","","","","","0"
"-140","-10","0","","","","","","","0"
"-130","-10","0","","","","","","","0"
"-120","-10","0","","","","","","","0"
"-110","-10","3410","ArkPhysicsProps.Bathroom.Towels","RigidBodyEx","6:-","","7.9","2.39","1"
"-100","-10","3410","ArkPhysicsProps.Bathroom.Towels","RigidBodyEx","6:-","","2.0","2.39","2"
"-90","-10","3409","ArkPhysicsProps.Bathroom.Towels","RigidBodyEx","6:-","","2.1","2.28","2"
"-80","-10","3409","ArkPhysicsProps.Bathroom.Towels","RigidBodyEx","6:-","","7.8","2.28","1"
"-70","-10","0","","","","","","","0"
"-60","-10","0","","","","","","","0"
"-50","-10","64589","ArkPickups.Food.Bag.SunDriedTomatoJerky","ArkFood","4:-","12:-","12.1","2.34","1"
"-40","-10","64589","ArkPickups.Food.Bag.SunDriedTomatoJerky","ArkFood","4:-","12:-","8.9","2.34","1"
"-30","-10","64589","ArkPickups.Food.Bag.SunDriedTomatoJerky","ArkFood","4:-","12:-","14.1","2.34","2"
"-20","-10","3005","ArkPhysicsProps.Kitchen.Coffee_Mug_A","ArkBreakable","6:-","","15.9","1.96","1"
"-10","-10","3011","ArkPhysicsProps.Office.Desk_Fan","RigidBodyEx","6:-","","12.2","1.65","1"
"0","-10","3011","ArkPhysicsProps.Office.Desk_Fan","RigidBodyEx","6:-","","12.5","1.65","1"
"10","-10","64596","ArkPickups.Crafting.RecyclerJunk.PlasticTubing","ArkRecyclerJunk","4:-","12:-","15.1","1.66","1"
"20","-10","64596","ArkPickups.Crafting.RecyclerJunk.PlasticTubing","ArkRecyclerJunk","4:-","12:-","16.9","1.66","2"
"30","-10","3407","ArkPhysicsProps.Bathroom.Towels","RigidBodyEx","6:-","","14.0","1.87","1"
"40","-10","0","","","","","","","0"
"50","-10","0","","","","","","","0"
"60","-10","3408","ArkGameplayArchitecture.Containers/Misc.Lobby","ArkContainer","3:-","","9.4","1.91","1"
"70","-10","3408","ArkGameplayArchitecture.Containers/Misc.Lobby","ArkContainer","3:-","","2.6","1.88","1"
"80","-10","3412","ArkGameplayArchitecture.Containers/Misc.Lobby","ArkContainer","3:-","","11.6","1.74","2"
"90","-10","3412","ArkGameplayArchitecture.Containers/Misc.Lobby","ArkContainer","3:-","","3.8","1.72","1"
"100","-10","3412","ArkGameplayArchitecture.Containers/Misc.Lobby","ArkContainer","3:-","","9.2","1.72","1"
"110","-10","0","","","","","","","0"
"120","-10","0","","","","","","","0"
"130","-10","0","","","","","","","0"
"140","-10","0","","","","","","","0"
"150","-10","0","","","","","","","0"
"160","-10","0","","","","","","","0"
"170","-10","0","","","","","","","0"
"-180","5","0","","","","","","","0"
"-170","5","0","","","","","","","0"
"-160","5","0","","","","","","","0"
"-150","5","0","","","","","","","0"
"-140","5","0","","","","","","","0"
"-130","5","0","","","","","","","0"
"-120","5","0","","","","","","","0"
"-110","5","3410","ArkPhysicsProps.Bathroom.Towels","RigidBodyEx","6:-","","16.6","2.39","1"
"-100","5","3410","ArkPhysicsProps.Bathroom.Towels","RigidBodyEx","6:-","","14.7","2.39","1"
"-90","5","3409","ArkPhysicsProps.Bathroom.Towels","RigidBodyEx","6:-","","15.1","2.28","1"
"-80","5","3409","ArkPhysicsProps.Bathroom.Towels","RigidBodyEx","6:-","","16.9","2.28","1"
"-70","5","0","","","","","","","0"
"-60","5","0","","","","","","","0"
"-50","5","0","","","","","","","0"
"-40","5","0","","","","","","","0"
"-30","5","0","","","","","","","0"
"-20","5","0","","","","","","","0"
"-10","5","0","","","","","","","0"
"0","5","0","","","","","","","0"
"10","5","0","","","","","","","0"
"20","5","0","","","","","","","0"
"30","5","0","","","","","","","0"
"40","5","0","","","","","","","0"
"50","5","0","","","","","","","0"
"60","5","3408","ArkGameplayArchitecture.Containers/Misc.Lobby","ArkContainer","3:-","","19.5","1.92","1"
"70","5","3408","ArkGameplayArchitecture.Containers/Misc.Lobby","ArkContainer","3:-","","17.4","1.88","1"
"80","5","3412","ArkGameplayArchitecture.Containers/Misc.Lobby","ArkContainer","3:-","","21.5","1.76","1"
"90","5","3412","ArkGameplayArchitecture.Containers/Misc.Lobby","ArkContainer","3:-","","18.6","1.72","1"
"100","5","3412","ArkGameplayArchitecture.Containers/Misc.Lobby","ArkContainer","3:-","","20.5","1.72","1"
"110","5","0","","","","","","","0"
"120","5","0","","","","","","","0"
"130","5","0","","","","","","","0"
"140","5","0","","","","","","","0"
"150","5","0","","","","","","","0"
"160","5","0","","","","","","","0"
"170","5","0","","","","","","","0"
